{
  "name": "angular-google-maps",
  "version": "2.0.13",
  "main": "./dist/angular-google-maps.js",
  "dependencies": {
    "angular": ">=1.2.0",
    "lodash": "~2.4.1"
  },
  "devDependencies": {
    "angular-mocks": ">=1.2.x",
    "uuid": "http://github.com/LiosK/UUID.js/archive/v3.2.tar.gz",
    "angular-route": "~1.3.0",
    "bootstrap-without-jquery": "git://github.com/tagawa/bootstrap-without-jquery.git",
    "data-structures": "~1.4.2"
  },
  "homepage": "https://github.com/angular-ui/angular-google-maps",
  "_release": "2.0.13",
  "_resolution": {
    "type": "version",
    "tag": "2.0.13",
    "commit": "e1ede639cc28418ab9beff5026a55bf8ff359a27"
  },
  "_source": "git://github.com/angular-ui/angular-google-maps.git",
  "_target": "~2.0.13",
  "_originalSource": "angular-google-maps",
  "_direct": true
}